id,title,description,availability,condition,price,link,image_link,brand,google_product_category,fb_product_category,quantity_to_sell_on_facebook,sale_price,sale_price_effective_date,item_group_id,gender,color,size,age_group,material,pattern,shipping,shipping_weight,offer_disclaimer,offer_disclaimer_url,video[0].url,video[0].tag[0],gtin,style[0]
MLB4398461911,Bicicleta Spinning Winnek Enduro Com Roda de Inércia de 20kg e Bluetooth,Bicicleta de spinning Winnek Enduro com roda de inércia de 20 kg e conexão Bluetooth. Pedalada firme e estável para treinos intensos em casa.,in stock,new,2852.00 BRL,https://www.mercadolivre.com.br/bicicleta-spinning-winnek-enduro-com-roda-de-inercia-de-20kg-e-bluetooth/p/MLB63673020?pdp_filters=item_id%3AMLB4398461911,https://http2.mlstatic.com/D_NQ_NP_2X_926199-MLA104268345393_012026-F.jpg,Winnek,Sporting Goods > Exercise & Fitness > Cardio > Cardio Machines > Exercise Bikes,,,1533.00 BRL,,,unisex,,,adult,,,,,,,,,,
MLB6304284352,"Bicicleta Ergométrica Spinning Winnek SYNC Magnética, com Roda de Inércia 13kg e Bluetooth para App Fitshow","Bicicleta ergométrica de spinning Winnek SYNC com resistência magnética, roda de inércia de 13 kg e Bluetooth para o app Fitshow. Acompanhe seus treinos pelo celular.",in stock,new,3724.00 BRL,https://www.mercadolivre.com.br/bicicleta-ergometrica-spinning-winnek-sync-magnetica-com-roda-de-inercia-13kg-e-bluetooth-para-app-fitshow/p/MLB65112472?pdp_filters=item_id%3AMLB6304284352,https://http2.mlstatic.com/D_NQ_NP_2X_654810-MLA107970929851_032026-F.jpg,Winnek,Sporting Goods > Exercise & Fitness > Cardio > Cardio Machines > Exercise Bikes,,,2023.00 BRL,,,unisex,,,adult,,,,,,,,,,
MLB4014665095,"Bicicleta Ergométrica Horizontal Magnética Winnek com Monitor Digital, 8 Níveis de Ajuste, Sensor de Pulsação e Pedal com Cinta Ajustável","Bicicleta ergométrica horizontal da Winnek com resistência magnética e 8 níveis de ajuste. Tem monitor digital, sensor de pulsação e pedais com cinta ajustável. Ideal para treinar em casa com conforto e segurança.",in stock,new,1600.00 BRL,https://www.mercadolivre.com.br/bicicleta-ergometrica-horizontal-magnetica-winnek-monitor-digital-8-niveis-de-ajustes-sensor-de-pulsacao-pedal-com-cinta-ajustavel/p/MLB47419842?pdp_filters=item_id%3AMLB4014665095,https://http2.mlstatic.com/D_NQ_NP_2X_861719-MLA99989646517_112025-F.jpg,Winnek,Sporting Goods > Exercise & Fitness > Cardio > Cardio Machines > Exercise Bikes,,,1297.00 BRL,,,unisex,,,adult,,,,,,,,,,
MLB7176942010,Bicicleta Ergométrica Horizontal Winnek Magnética com Bluetooth e 8 Níveis de Resistência,"Bicicleta ergométrica horizontal Winnek com resistência magnética, Bluetooth e 8 níveis de resistência. Treino confortável para fazer em casa.",in stock,new,2497.00 BRL,https://www.mercadolivre.com.br/bicicleta-ergometrica-horizontal-winnek-magnetica-com-bluetooth-e-8-niveis-de-resistencia/p/MLB75493180?pdp_filters=item_id%3AMLB7176942010,https://http2.mlstatic.com/D_NQ_NP_2X_649022-MLA113401835488_072026-F.jpg,Winnek,Sporting Goods > Exercise & Fitness > Cardio > Cardio Machines > Exercise Bikes,,,1648.00 BRL,,,unisex,,,adult,,,,,,,,,,
MLB6630914644,"Elíptico Magnético 3,5kg Winnek WNNK2032 Preto","Elíptico magnético Winnek WNNK2032 com roda de inércia de 3,5 kg. Exercício completo e de baixo impacto para fazer em casa.",in stock,new,1911.00 BRL,https://www.mercadolivre.com.br/eliptico-magnetico-35kg-winnek-wnnk2032-cor-preto-preto/p/MLB68031865?pdp_filters=item_id%3AMLB6630914644,https://http2.mlstatic.com/D_NQ_NP_2X_672208-MLA110471887973_042026-F.jpg,Winnek,Sporting Goods > Exercise & Fitness > Cardio > Cardio Machines > Elliptical Trainers,,,1490.00 BRL,,,unisex,Preto,,adult,,,,,,,,,,
MLB5457027116,Bicicleta Ergométrica Spinning 8kg Roda de Inércia Mecânica Ajustável com Monitor e Suporte para Celular/Tablet - Winnek Glide Preto e Verde,Bicicleta ergométrica de spinning Winnek Glide com roda de inércia de 8 kg e resistência mecânica ajustável. Vem com monitor e suporte para celular ou tablet.,in stock,new,1624.00 BRL,https://www.mercadolivre.com.br/bicicleta-ergometrica-spinning-8kg-roda-inercia-mecanica-ajustavel-monitor-suporte-celular-tablet-winnek-glide-preto-e-verde/p/MLB50873283?pdp_filters=item_id%3AMLB5457027116,https://http2.mlstatic.com/D_NQ_NP_2X_715766-MLA99743215589_112025-F.jpg,Winnek,Sporting Goods > Exercise & Fitness > Cardio > Cardio Machines > Exercise Bikes,,,919.08 BRL,,,unisex,Preto e verde,,adult,,,,,,,,,,
MLB7372176812,Esteira Elétrica Winnek Rush 2.0HP Dobrável para Residências,Esteira elétrica Winnek Rush com motor de 2.0 HP e estrutura dobrável. Ideal para caminhar e correr em casa e guardar ocupando menos espaço.,in stock,new,2749.00 BRL,https://www.mercadolivre.com.br/esteira-eletrica-winnek-rush-20hp-dobravel-para-residencias/p/MLB76225543?pdp_filters=item_id%3AMLB7372176812,https://http2.mlstatic.com/D_NQ_NP_2X_872188-MLA116463610984_092026-F.jpg,Winnek,Sporting Goods > Exercise & Fitness > Cardio > Cardio Machines > Treadmills,,,1816.00 BRL,,,unisex,,,adult,,,,,,,,,,
MLB4453850007,Bicicleta Ergométrica Spinning com Roda de Inércia de 13kg Mecânica Preto e Roxo com Suporte para Celular/Tablet - Winnek Spin Force,Bicicleta ergométrica de spinning Winnek Spin Force com roda de inércia de 13 kg e resistência mecânica. Vem com suporte para celular ou tablet para treinar assistindo suas aulas.,in stock,new,1928.00 BRL,https://www.mercadolivre.com.br/bicicleta-ergometrica-spinning-com-roda-inercia-de-13kg-mecanica-cor-preto-roxa-mecanica-suporte-para-celular-tablet-winnek-spin-force/p/MLB65104776?pdp_filters=item_id%3AMLB4453850007,https://http2.mlstatic.com/D_NQ_NP_2X_886296-MLA106197698211_012026-F.jpg,Winnek,Sporting Goods > Exercise & Fitness > Cardio > Cardio Machines > Exercise Bikes,,,1160.00 BRL,,,unisex,Preto e roxo,,adult,,,,,,,,,,
MLB4307786341,Kettlebell Ajustável Winnek 18kg Aço e Borracha Para Treino Funcional,"Kettlebell ajustável Winnek de até 18 kg, feito de aço e borracha. Um só equipamento para vários pesos no seu treino funcional.",in stock,new,1150.00 BRL,https://www.mercadolivre.com.br/kettlebell-ajustavel-winnek-18kg-aco-e-borracha-para-treino-funcional/p/MLB62128310?pdp_filters=item_id%3AMLB4307786341,https://http2.mlstatic.com/D_NQ_NP_2X_685390-MLA97790279792_112025-F.jpg,Winnek,Sporting Goods > Exercise & Fitness > Weight Lifting > Free Weights,,,826.92 BRL,,,unisex,,18 kg,adult,,,,,,,,,,
MLB6659598440,Bicicleta Ergométrica Winnek Spin Force WNNK1708 13kg Preto e Roxo,Bicicleta ergométrica Winnek Spin Force WNNK1708 com roda de inércia de 13 kg. Treino de spinning completo para fazer em casa.,in stock,new,1703.00 BRL,https://www.mercadolivre.com.br/bicicleta-ergometrica-winnek-13kg-preto-wnnk1708-spin-force-cor-preto-e-roxo/p/MLB66116565?pdp_filters=item_id%3AMLB6659598440,https://http2.mlstatic.com/D_NQ_NP_2X_836280-MLA107908948901_032026-F.jpg,Winnek,Sporting Goods > Exercise & Fitness > Cardio > Cardio Machines > Exercise Bikes,,,1184.00 BRL,,,unisex,Preto e roxo,,adult,,,,,,,,,,
MLB6630730282,Elíptico Magnético Winnek WNNK2029 com Assento Ajustável e 4 Níveis de Resistência,Elíptico magnético Winnek WNNK2029 com assento ajustável e 4 níveis de resistência. Treino de baixo impacto para fazer em casa.,in stock,new,1911.00 BRL,https://www.mercadolivre.com.br/eliptico-magnetico-winnek-wnnk2029-com-assento-ajustavel-e-4-niveis-de-resistencia/p/MLB68030935?pdp_filters=item_id%3AMLB6630730282,https://http2.mlstatic.com/D_NQ_NP_2X_834525-MLA110516510369_042026-F.jpg,Winnek,Sporting Goods > Exercise & Fitness > Cardio > Cardio Machines > Elliptical Trainers,,,1490.00 BRL,,,unisex,,,adult,,,,,,,,,,
MLB5456923612,Bicicleta Spinning com Roda de Inércia de 13kg Winnek Fitness Preto e Verde,Bicicleta de spinning Winnek com roda de inércia de 13 kg. Pedalada estável para treinos intensos em casa.,in stock,new,2210.00 BRL,https://www.mercadolivre.com.br/bicicleta-spinning-com-roda-de-inercia-de-13kg-winnek-fitness-preto-verde/p/MLB50871746?pdp_filters=item_id%3AMLB5456923612,https://http2.mlstatic.com/D_NQ_NP_2X_852695-MLA108820349079_032026-F.jpg,Winnek,Sporting Goods > Exercise & Fitness > Cardio > Cardio Machines > Exercise Bikes,,,1105.00 BRL,,,unisex,Preto e verde,,adult,,,,,,,,,,
MLB7716333218,"Kettlebell Profissional Winnek FlexBell 6kg Azul - Macio, Anti-Impacto e Protege o Piso","Kettlebell Winnek FlexBell de 6 kg com revestimento macio e anti-impacto. Protege o piso e não machuca, ideal para treinar em casa.",in stock,new,160.00 BRL,https://www.mercadolivre.com.br/kettlebell-profissional-winnek-azul-6kg-flexbell-macio-anti-impacto-protege-o-piso-nao-machuca/p/MLB79878865?pdp_filters=item_id%3AMLB7716333218,https://http2.mlstatic.com/D_NQ_NP_2X_623075-MLA118463130975_092026-F.jpg,Winnek,Sporting Goods > Exercise & Fitness > Weight Lifting > Free Weights,,,129.98 BRL,,WINNEK-FLEXBELL,unisex,Azul,6 kg,adult,,,,,,,,,,
MLB5304796855,"Kettlebell Profissional Winnek FlexBell 10kg Roxo - Macio, Anti-Impacto e Protege o Piso","Kettlebell Winnek FlexBell de 10 kg com revestimento macio e anti-impacto. Protege o piso e não machuca, ideal para treinar em casa.",in stock,new,219.00 BRL,https://www.mercadolivre.com.br/kettlebell-profissional-winnek-roxo-10kg-flexbell-macio-anti-impacto-protege-o-piso-nao-machuca/p/MLB79878869?pdp_filters=item_id%3AMLB5304796855,https://http2.mlstatic.com/D_NQ_NP_2X_832347-MLA116896357490_092026-F.jpg,Winnek,Sporting Goods > Exercise & Fitness > Weight Lifting > Free Weights,,,179.98 BRL,,WINNEK-FLEXBELL,unisex,Roxo,10 kg,adult,,,,,,,,,,
MLB5304834619,"Kettlebell Profissional Winnek FlexBell 10kg Verde - Macio, Anti-Impacto e Protege o Piso","Kettlebell Winnek FlexBell de 10 kg com revestimento macio e anti-impacto. Protege o piso e não machuca, ideal para treinar em casa.",in stock,new,219.00 BRL,https://www.mercadolivre.com.br/kettlebell-profissional-winnek-verde-10kg-flexbell-macio-anti-impacto-protege-o-piso-nao-machuca/p/MLB79878868?pdp_filters=item_id%3AMLB5304834619,https://http2.mlstatic.com/D_NQ_NP_2X_755441-MLA118457328641_092026-F.jpg,Winnek,Sporting Goods > Exercise & Fitness > Weight Lifting > Free Weights,,,179.98 BRL,,WINNEK-FLEXBELL,unisex,Verde,10 kg,adult,,,,,,,,,,
MLB5304677863,"Kettlebell Profissional Winnek FlexBell 4kg Azul - Macio, Anti-Impacto e Protege o Piso","Kettlebell Winnek FlexBell de 4 kg com revestimento macio e anti-impacto. Protege o piso e não machuca, ideal para treinar em casa.",in stock,new,99.99 BRL,https://www.mercadolivre.com.br/kettlebell-profissional-winnek-azul-4kg-flexbell-macio-anti-impacto-protege-o-piso-nao-machuca/p/MLB79878867?pdp_filters=item_id%3AMLB5304677863,https://http2.mlstatic.com/D_NQ_NP_2X_909004-MLA116901740102_092026-F.jpg,Winnek,Sporting Goods > Exercise & Fitness > Weight Lifting > Free Weights,,,78.98 BRL,,WINNEK-FLEXBELL,unisex,Azul,4 kg,adult,,,,,,,,,,
MLB5310073885,"Pesos de Pulso e Tornozelo Winnek Core Preto 4 lbs - Kit Fitness para Pilates e Musculação, Resistente à Água e ao Suor",Kit de pesos de pulso e tornozelo Winnek Core para pilates e musculação. Material resistente à água e ao suor.,in stock,new,257.97 BRL,https://www.mercadolivre.com.br/pesos-de-pulso-e-tornozelo-winnek-core-preto-kit-fitness-pilates-musculacao-material-resistente-agua-e-suor-preto-4-lbs/p/MLB79877213?pdp_filters=item_id%3AMLB5310073885,https://http2.mlstatic.com/D_NQ_NP_2X_661685-MLA118449180903_092026-F.jpg,Winnek,Sporting Goods > Exercise & Fitness > Weight Lifting > Free Weights,,,217.97 BRL,,WINNEK-CORE,unisex,Preto,4 lbs,adult,,,,,,,,,,
MLB5310123063,"Pesos de Pulso e Tornozelo Winnek Core Bege 1 lb - Kit Fitness para Pilates e Musculação, Resistente à Água e ao Suor",Kit de pesos de pulso e tornozelo Winnek Core para pilates e musculação. Material resistente à água e ao suor.,in stock,new,124.16 BRL,https://www.mercadolivre.com.br/pesos-de-pulso-e-tornozelo-winnek-core-bege-kit-fitness-pilates-musculacao-material-resistente-agua-e-suor-bege-1lbs/p/MLB79877217?pdp_filters=item_id%3AMLB5310123063,https://http2.mlstatic.com/D_NQ_NP_2X_607631-MLA116901979806_092026-F.jpg,Winnek,Sporting Goods > Exercise & Fitness > Weight Lifting > Free Weights,,,107.97 BRL,,WINNEK-CORE,unisex,Bege,1 lb,adult,,,,,,,,,,
MLB7717821026,Peso Winnek Fistw Cinza 2 lbs,"Peso Winnek Fistw de 2 lbs para treinos de pilates, funcional e musculação.",in stock,new,149.90 BRL,https://www.mercadolivre.com.br/peso-winnek-fistw-cinza-2lbs/p/MLB79877215?pdp_filters=item_id%3AMLB7717821026,https://http2.mlstatic.com/D_NQ_NP_2X_780440-MLA118444514339_092026-F.jpg,Winnek,Sporting Goods > Exercise & Fitness > Weight Lifting > Free Weights,,,126.69 BRL,,WINNEK-FISTW,unisex,Cinza,2 lbs,adult,,,,,,,,,,
MLB7717856922,Peso Winnek Fistw Rosa 2 lbs,"Peso Winnek Fistw de 2 lbs para treinos de pilates, funcional e musculação.",in stock,new,127.97 BRL,https://www.mercadolivre.com.br/peso-winnek-fistw-rosa-2lbs/p/MLB79877216?pdp_filters=item_id%3AMLB7717856922,https://http2.mlstatic.com/D_NQ_NP_2X_644047-MLA118445134923_092026-F.jpg,Winnek,Sporting Goods > Exercise & Fitness > Weight Lifting > Free Weights,,,107.97 BRL,,WINNEK-FISTW,unisex,Rosa,2 lbs,adult,,,,,,,,,,
MLB7379472124,Banco para Bike Spinning Winnek,Banco de reposição para bicicleta de spinning.,in stock,new,49.99 BRL,https://www.mercadolivre.com.br/banco-para-bike-spinning/p/MLB76395903?pdp_filters=item_id%3AMLB7379472124,https://http2.mlstatic.com/D_NQ_NP_2X_989772-MLA114303697886_082026-F.jpg,Winnek,Sporting Goods > Exercise & Fitness > Cardio > Cardio Machine Accessories,,,47.49 BRL,,,unisex,,,adult,,,,,,,,,,
MLB7734620122,"Kettlebell Winnek 4kg Rosa - Anti-Impacto, Não Machuca",Kettlebell Winnek de 4 kg com revestimento anti-impacto que não machuca. Ideal para treinos funcionais em casa.,in stock,new,99.99 BRL,https://www.mercadolivre.com.br/kettlebell-winnek-rosa-4-kg-antiimpacto-nao-machuca/up/MLBU5368772354?pdp_filters=item_id%3AMLB7734620122,https://http2.mlstatic.com/D_NQ_NP_2X_836444-MLB118561702243_102026-F.jpg,Winnek,Sporting Goods > Exercise & Fitness > Weight Lifting > Free Weights,,,,,,unisex,Rosa,4 kg,adult,,,,,,,,,,
MLB4338858483,"Corda de Pular Winnek para Exercício Funcional, Ginástica e Treinos","Corda de pular Winnek para treinos funcionais, ginástica e aquecimento. Leve e prática para levar para qualquer lugar.",in stock,new,22.94 BRL,https://produto.mercadolivre.com.br/MLB-4338858483-corda-de-pular-exercicio-funcional-ginastica-treinos-winnek-_JM,https://http2.mlstatic.com/D_NQ_NP_2X_617775-MLB100061479049_122025-F.jpg,Winnek,Sporting Goods > Exercise & Fitness > Jump Ropes,,,20.64 BRL,,,unisex,,,adult,,,,,,,,,,
MLB5990864440,"Corda de Pular Winnek para Exercício Funcional, Academia e Treinos",Corda de pular Winnek para treinos funcionais e de academia. Leve e prática para levar para qualquer lugar.,in stock,new,20.34 BRL,https://produto.mercadolivre.com.br/MLB-5990864440-corda-de-pular-exercicio-funcional-academia-treinos-winnek-_JM,https://http2.mlstatic.com/D_NQ_NP_2X_845800-MLB100059862387_122025-F.jpg,Winnek,Sporting Goods > Exercise & Fitness > Jump Ropes,,,19.11 BRL,,,unisex,,,adult,,,,,,,,,,
MLB7524577924,Bicicleta Ergométrica Spinning Winnek Effort 13kg Magnética Amarelo,Bicicleta ergométrica de spinning Winnek Effort com roda de inércia de 13 kg e resistência magnética. Treino eficiente para pedalar em casa.,in stock,new,2079.00 BRL,https://www.mercadolivre.com.br/bicicleta-ergometrica-spinning-winnek-effort-13kg-magnetica/up/MLBU4974574880?pdp_filters=item_id%3AMLB7524577924,https://http2.mlstatic.com/D_NQ_NP_2X_863595-MLB116788666459_082026-F.jpg,Winnek,Sporting Goods > Exercise & Fitness > Cardio > Cardio Machines > Exercise Bikes,,,1564.00 BRL,,,unisex,Amarelo,,adult,,,,,,,,,,
